{"centroid": [337.4031761249145, 403.1568023044215], "area": 150204, "bounds": [31, 77, 767, 663], "rotatedBoundingBox": {"center": [353.1177062988281, 432.5344543457031], "size": [581.1158447265625, 591.6863403320312], "angle": -41.99551773071289}, "boundingCircle": {"center": [396.4498291015625, 446.6973876953125], "radius": 370.7226257324219}, "hull": [0, 10, 12, 13, 14]}