{"centroid": [411.8400458972265, 414.99033915051064], "area": 264504, "bounds": [27, 99, 779, 746], "rotatedBoundingBox": {"center": [405.5007629394531, 377.64202880859375], "size": [769.442138671875, 628.8248901367188], "angle": -12.6500825881958}, "boundingCircle": {"center": [419.20050048828125, 419.529541015625], "radius": 393.2325744628906}, "hull": [0, 1, 2, 3, 4, 5]}