{"centroid": [533.9628419430367, 426.8920571411636], "area": 112470, "bounds": [69, 196, 738, 640], "rotatedBoundingBox": {"center": [403.4986877441406, 417.6934509277344], "size": [667.133544921875, 443.4378967285156], "angle": -0.2422640025615692}, "boundingCircle": {"center": [403.5, 418.0], "radius": 400.36273193359375}, "hull": [0, 9, 10, 11, 12]}