{"centroid": [414.57305236011416, 412.5415711982708], "area": 295473, "bounds": [50, 51, 749, 729], "rotatedBoundingBox": {"center": [411.8404541015625, 398.03179931640625], "size": [683.6363525390625, 646.7557983398438], "angle": -7.190911293029785}, "boundingCircle": {"center": [418.1183166503906, 332.976806640625], "radius": 401.78326416015625}, "hull": [0, 1, 3, 4, 5, 6, 7, 8, 9, 10, 12, 13, 14, 15, 16, 17, 24]}