{"centroid": [419.5886606859797, 342.2044686642276], "area": 58354.5, "bounds": [47, 80, 765, 719], "rotatedBoundingBox": {"center": [430.8031311035156, 380.11865234375], "size": [589.6168212890625, 640.1198120117188], "angle": -43.507293701171875}, "boundingCircle": {"center": [406.0, 405.0], "radius": 359.0014953613281}, "hull": [0, 1, 3, 4, 6, 8, 9, 40, 47, 54]}