{"centroid": [330.1016608608912, 405.13096193362213], "area": 105929, "bounds": [53, 196, 760, 555], "rotatedBoundingBox": {"center": [369.1055908203125, 425.7562561035156], "size": [261.3916931152344, 736.81640625], "angle": -70.87142944335938}, "boundingCircle": {"center": [407.0, 316.5], "radius": 368.71575927734375}, "hull": [0, 1, 2, 3, 26, 27, 28, 30, 35, 36, 37, 38, 39, 40, 41, 42, 43, 44, 45, 46, 47, 48, 49, 50, 51, 53, 55, 56, 57, 58, 59, 60]}