{"centroid": [438.29139927268835, 387.5169349519582], "area": 149592, "bounds": [78, 152, 747, 636], "rotatedBoundingBox": {"center": [408.3397521972656, 400.1192321777344], "size": [655.0140380859375, 478.89776611328125], "angle": -5.955358028411865}, "boundingCircle": {"center": [409.0, 450.5], "radius": 359.8170471191406}, "hull": [0, 18, 19, 20, 21, 22, 23, 24, 25, 26, 27, 28, 39, 46, 58, 59, 60, 61, 62]}