{"centroid": [396.41888079774316, 381.50990413632485], "area": 243888, "bounds": [80, 46, 732, 754], "rotatedBoundingBox": {"center": [405.332275390625, 399.4711608886719], "size": [648.3397216796875, 709.4016723632812], "angle": -0.6268434524536133}, "boundingCircle": {"center": [392.0180969238281, 420.716796875], "radius": 419.0158996582031}, "hull": [0, 1, 2, 3, 21, 22, 23, 24, 25, 30, 31, 32]}