{"centroid": [423.4803414677002, 381.7414589968626], "area": 202986.5, "bounds": [65, 54, 746, 708], "rotatedBoundingBox": {"center": [404.9252624511719, 382.99267578125], "size": [656.5167236328125, 676.4716796875], "angle": -88.9708480834961}, "boundingCircle": {"center": [424.3665466308594, 404.81005859375], "radius": 367.028564453125}, "hull": [0, 13, 14, 16, 22, 27, 30, 53, 59, 60, 61, 63]}