{"centroid": [398.39632867733843, 395.24726617853196], "area": 87271, "bounds": [219, 42, 576, 763], "rotatedBoundingBox": {"center": [395.8387451171875, 407.7751770019531], "size": [712.8839111328125, 339.6130676269531], "angle": -72.5198974609375}, "boundingCircle": {"center": [400.79443359375, 404.8147277832031], "radius": 363.3770446777344}, "hull": [0, 1, 7, 14, 15, 20, 27]}