{"centroid": [412.1629224557415, 396.88432702764356], "area": 150499, "bounds": [54, 187, 733, 621], "rotatedBoundingBox": {"center": [392.8570861816406, 409.12298583984375], "size": [681.7926025390625, 430.7632751464844], "angle": -1.2977406978607178}, "boundingCircle": {"center": [385.9013977050781, 374.8970642089844], "radius": 355.76531982421875}, "hull": [0, 4, 8, 9, 10, 11, 20, 21, 24]}