{"centroid": [330.58717862731953, 519.3933601609657], "area": 14910, "bounds": [250, 325, 450, 685], "rotatedBoundingBox": {"center": [306.5062255859375, 501.9884338378906], "size": [212.5526580810547, 321.38092041015625], "angle": -16.750263214111328}, "boundingCircle": {"center": [298.0440979003906, 505.3474426269531], "radius": 184.50686645507812}, "hull": [1, 22, 43, 44, 48, 49, 50, 51, 62, 72, 73, 87, 88]}