{"centroid": [716.506137322593, 99.41522823168393], "area": 2607, "bounds": [661, 87, 771, 114], "rotatedBoundingBox": {"center": [716.0, 100.5], "size": [110.0, 27.0], "angle": -0.0}, "boundingCircle": {"center": [716.227294921875, 100.5], "radius": 56.41197204589844}, "hull": [0, 1, 3, 5, 6, 7, 13]}