{"centroid": [416.27276370685945, 396.01684443133945], "area": 196702, "bounds": [57, 16, 761, 777], "rotatedBoundingBox": {"center": [404.4587097167969, 396.08837890625], "size": [708.5332641601562, 755.4719848632812], "angle": -2.150942802429199}, "boundingCircle": {"center": [404.33740234375, 411.0722961425781], "radius": 417.82781982421875}, "hull": [0, 14, 39, 40, 41, 54, 75, 86, 87, 88, 104, 105, 106, 107, 108, 127, 128, 129, 145, 146]}