{"centroid": [400.039898753928, 398.9233085749135], "area": 114506.5, "bounds": [204, 14, 618, 795], "rotatedBoundingBox": {"center": [429.06634521484375, 390.11102294921875], "size": [384.2867736816406, 781.690185546875], "angle": -5.185052871704102}, "boundingCircle": {"center": [270.5, 404.5], "radius": 391.0915222167969}, "hull": [0, 1, 2, 3, 9, 10, 11, 18, 19, 20, 21, 22, 23, 43, 61, 62, 65]}