{"centroid": [401.7415723232092, 471.9848869798125], "area": 73799.5, "bounds": [265, 13, 550, 777], "rotatedBoundingBox": {"center": [408.56463623046875, 394.5393981933594], "size": [280.00006103515625, 763.0686645507812], "angle": -0.6127656698226929}, "boundingCircle": {"center": [357.5, 394.5], "radius": 384.6980285644531}, "hull": [0, 2, 36, 56, 62, 63, 64, 80, 81, 82, 88, 122]}