{"centroid": [410.8733749386026, 387.8444441083083], "area": 396664.5, "bounds": [2, 2, 798, 798], "rotatedBoundingBox": {"center": [400.0, 400.0], "size": [796.0, 796.0], "angle": -90.0}, "boundingCircle": {"center": [400.0, 400.0], "radius": 562.8571166992188}, "hull": [0, 1, 2, 3]}