{"centroid": [379.9305716232196, 375.499868245154], "area": 207456, "bounds": [46, 106, 761, 639], "rotatedBoundingBox": {"center": [405.97039794921875, 378.7015380859375], "size": [520.8684692382812, 697.6436767578125], "angle": -81.63410949707031}, "boundingCircle": {"center": [402.26385498046875, 402.51885986328125], "radius": 361.01727294921875}, "hull": [0, 1, 2, 6, 7, 8, 9, 12, 13]}