{"centroid": [376.37772907772654, 421.0579308403722], "area": 180013.5, "bounds": [62, 32, 706, 770], "rotatedBoundingBox": {"center": [328.10455322265625, 425.68682861328125], "size": [627.2489624023438, 711.111328125], "angle": -11.436040878295898}, "boundingCircle": {"center": [384.664306640625, 441.10003662109375], "radius": 420.2897644042969}, "hull": [0, 3, 4, 20, 25, 26, 38]}