{"centroid": [411.4357162173511, 376.97147204033837], "area": 252068.5, "bounds": [23, 66, 775, 698], "rotatedBoundingBox": {"center": [394.2771911621094, 381.4678039550781], "size": [624.1260375976562, 749.109130859375], "angle": -88.49256896972656}, "boundingCircle": {"center": [408.29638671875, 388.8604431152344], "radius": 463.9316711425781}, "hull": [0, 2, 5, 19, 20, 37, 40, 41, 71, 77, 82, 83, 166, 172]}