{"centroid": [423.60186844213405, 435.2921616043347], "area": 268173.5, "bounds": [22, 35, 760, 767], "rotatedBoundingBox": {"center": [433.6581115722656, 414.6025390625], "size": [789.1466674804688, 676.2896118164062], "angle": -52.63332748413086}, "boundingCircle": {"center": [397.8415222167969, 397.3604431152344], "radius": 408.3401794433594}, "hull": [0, 1, 9, 10, 11, 13, 27, 28, 29, 37, 38, 45, 46, 53, 54, 65]}