{"centroid": [391.0665666275371, 390.5852867419236], "area": 270894, "bounds": [38, 26, 760, 768], "rotatedBoundingBox": {"center": [399.4764404296875, 395.8702697753906], "size": [721.9392700195312, 740.8739624023438], "angle": -0.3720453083515167}, "boundingCircle": {"center": [394.2812805175781, 389.5322265625], "radius": 460.04095458984375}, "hull": [0, 4, 6, 21, 22, 23, 33, 36, 51, 52, 54, 232, 235, 239, 250, 278]}