{"centroid": [399.5816262869828, 388.78407203276305], "area": 87090, "bounds": [31, 279, 767, 484], "rotatedBoundingBox": {"center": [399.0141906738281, 383.11029052734375], "size": [734.9263305664062, 204.2285614013672], "angle": -0.3122355043888092}, "boundingCircle": {"center": [399.0, 380.5], "radius": 380.6971435546875}, "hull": [0, 15, 16, 17, 28, 29]}