{"centroid": [387.9651426449862, 351.3220460919244], "area": 129733.5, "bounds": [106, 21, 599, 782], "rotatedBoundingBox": {"center": [324.32366943359375, 409.718994140625], "size": [745.3487548828125, 501.5997009277344], "angle": -84.3666000366211}, "boundingCircle": {"center": [330.5, 403.0], "radius": 421.34942626953125}, "hull": [1, 2, 3, 20, 21, 22, 23, 51, 52, 66, 68, 109, 111, 113, 115]}