{"centroid": [394.64230201206686, 422.600932795872], "area": 302781.5, "bounds": [49, 10, 756, 777], "rotatedBoundingBox": {"center": [405.6794128417969, 396.56768798828125], "size": [767.0604858398438, 704.8404541015625], "angle": -88.78113555908203}, "boundingCircle": {"center": [407.2969055175781, 395.312255859375], "radius": 422.7636413574219}, "hull": [0, 1, 40, 41, 83, 84, 85, 86, 87, 88, 103, 104, 111, 112, 113, 123, 124, 125, 133]}