{"centroid": [383.4013303688049, 401.75987099898737], "area": 227130, "bounds": [112, 17, 707, 780], "rotatedBoundingBox": {"center": [338.8216247558594, 400.16217041015625], "size": [746.8329467773438, 593.3604125976562], "angle": -31.279804229736328}, "boundingCircle": {"center": [308.5, 381.5], "radius": 414.09246826171875}, "hull": [0, 6, 8, 10, 11, 12, 17, 19]}