{"centroid": [371.774797754389, 390.9468425259792], "area": 180144, "bounds": [24, 111, 784, 732], "rotatedBoundingBox": {"center": [422.9931945800781, 480.584716796875], "size": [809.3028564453125, 563.6057739257812], "angle": -15.341656684875488}, "boundingCircle": {"center": [408.0, 416.5], "radius": 435.96368408203125}, "hull": [1, 3, 7, 27, 28, 72, 73, 75, 97, 100, 101, 102, 105, 106, 107]}