{"centroid": [403.50639550347876, 388.03432937157896], "area": 238110, "bounds": [33, 41, 774, 759], "rotatedBoundingBox": {"center": [406.73236083984375, 392.6414489746094], "size": [722.7628173828125, 733.8707275390625], "angle": -87.93988800048828}, "boundingCircle": {"center": [402.0, 376.0], "radius": 449.25836181640625}, "hull": [0, 4, 6, 9, 10, 57, 59, 60, 61, 104, 105, 106, 123, 124]}